"store_type","orders","total_sales","percentage_of_sales"
"Local","78409","313324","65.0622124026114258"
"Mall Kiosk","13142","53374","11.0831935146269748"
"Outlet","9207","36647","7.6098061365184312"
"Super Store","19276","78094","16.2163396847018954"
"Web Portal","43","137","0.02844826154127282090"
